VideoID,Gender,Ethnic,Generation,Wear,Light,Label
1,M,Asian,young,glasses,low,normal
2,M,Asian,young,glasses,middle,normal
3,M,Asian,young,none,strong,normal
4,M,Asian,young,none,low,yawn
5,M,Asian,young,none,middle,yawn
6,M,Asian,young,none,strong,yawn
7,M,Asian,young,sunglasses,low,fatigue
8,M,Asian,young,glasses,low,fatigue
9,M,Asian,young,glasses,middle,fatigue
10,M,Asian,young,none,middle,fatigue
11,M,Asian,young,none,strong,fatigue
12,M,Asian,young,none,strong,fatigue
13,M,Asian,young,none,low,normal
14,M,Asian,young,none,middle,normal
15,M,Asian,young,none,strong,normal
16,M,Asian,young,glasses,low,yawn
17,M,Asian,young,glasses,middle,yawn
18,M,Asian,young,none,strong,yawn
19,M,Asian,young,none,low,fatigue
20,M,Asian,young,none,low,fatigue
21,M,Asian,young,sunglasses,middle,fatigue
22,M,Asian,young,none,middle,fatigue
23,M,Asian,young,none,strong,fatigue
24,M,Asian,young,none,strong,fatigue
25,M,Asian,young,none,low,normal
26,M,Asian,young,none,middle,normal
27,M,Asian,young,sunglasses,strong,normal
28,M,Asian,young,none,low,yawn
29,M,Asian,young,none,middle,yawn
30,M,Asian,young,none,strong,yawn
31,M,Asian,young,none,low,fatigue
32,M,Asian,young,none,low,fatigue
33,M,Asian,young,none,middle,fatigue
34,M,Asian,young,none,middle,fatigue
35,M,Asian,young,none,strong,fatigue
36,M,Asian,young,none,strong,fatigue
37,F,Asian,young,glasses,low,normal
38,F,Asian,young,glasses,middle,normal
39,F,Asian,young,none,strong,normal
40,F,Asian,young,none,low,yawn
41,F,Asian,young,none,middle,yawn
42,F,Asian,young,sunglasses,strong,yawn
43,F,Asian,young,glasses,low,fatigue
44,F,Asian,young,glasses,low,fatigue
45,F,Asian,young,none,middle,fatigue
46,F,Asian,young,none,middle,fatigue
47,F,Asian,young,none,strong,fatigue
48,F,Asian,young,none,strong,fatigue
49,M,Asian,young,glasses,low,normal
50,M,Asian,young,glasses,middle,normal
51,M,Asian,young,glasses,strong,normal
52,M,Asian,young,none,low,yawn
53,M,Asian,young,none,middle,yawn
54,M,Asian,young,none,strong,yawn
55,M,Asian,young,sunglasses,low,fatigue
56,M,Asian,young,none,low,fatigue
57,M,Asian,young,none,middle,fatigue
58,M,Asian,young,none,middle,fatigue
59,M,Asian,young,none,strong,fatigue
60,M,Asian,young,none,strong,fatigue
61,M,Asian,young,glasses,low,normal
62,M,Asian,young,glasses,middle,normal
63,M,Asian,young,glasses,strong,normal
64,M,Asian,young,none,low,yawn
65,M,Asian,young,none,middle,yawn
66,M,Asian,young,none,strong,yawn
67,M,Asian,young,none,low,fatigue
68,M,Asian,young,none,low,fatigue
69,M,Asian,young,sunglasses,middle,fatigue
70,M,Asian,young,none,middle,fatigue
71,M,Asian,young,none,strong,fatigue
72,M,Asian,young,none,strong,fatigue
73,M,Asian,young,glasses,low,normal
74,M,Asian,young,glasses,middle,normal
75,M,Asian,young,glasses,strong,normal
76,M,Asian,young,none,low,yawn
77,M,Asian,young,none,middle,yawn
78,M,Asian,young,none,strong,yawn
79,M,Asian,young,none,low,fatigue
80,M,Asian,young,none,low,fatigue
81,M,Asian,young,glasses,middle,fatigue
82,M,Asian,young,glasses,middle,fatigue
83,M,Asian,young,none,strong,fatigue
84,M,Asian,young,none,strong,fatigue
85,M,Asian,young,none,low,normal
86,M,Asian,young,none,middle,normal
87,M,Asian,young,none,strong,normal
88,M,Asian,young,none,low,yawn
89,M,Asian,young,none,middle,yawn
90,M,Asian,young,none,strong,yawn
91,M,Asian,young,none,low,fatigue
92,M,Asian,young,none,low,fatigue
93,M,Asian,young,none,middle,fatigue
94,M,Asian,young,none,middle,fatigue
95,M,Asian,young,none,strong,fatigue
96,M,Asian,young,none,strong,fatigue
97,M,Asian,young,glasses,low,normal
98,M,Asian,young,glasses,middle,normal
99,M,Asian,young,glasses,strong,normal
100,M,Asian,young,none,low,yawn
101,M,Asian,young,none,middle,yawn
102,M,Asian,young,none,strong,yawn
103,M,Asian,young,none,low,fatigue
104,M,Asian,young,sunglasses,low,fatigue
105,M,Asian,young,none,middle,fatigue
106,M,Asian,young,none,middle,fatigue
107,M,Asian,young,none,strong,fatigue
108,M,Asian,young,glasses,strong,fatigue
109,M,Asian,young,glasses,low,normal
110,M,Asian,young,glasses,middle,normal
111,M,Asian,young,glasses,strong,normal
112,M,Asian,young,sunglasses,low,yawn
113,M,Asian,young,glasses,middle,yawn
114,M,Asian,young,glasses,strong,yawn
115,M,Asian,young,glasses,low,fatigue
116,M,Asian,young,glasses,low,fatigue
117,M,Asian,young,none,middle,fatigue
118,M,Asian,young,none,middle,fatigue
119,M,Asian,young,none,strong,fatigue
120,M,Asian,young,none,strong,fatigue
121,M,Asian,young,glasses,low,normal
122,M,Asian,young,glasses,middle,normal
123,M,Asian,young,glasses,strong,normal
124,M,Asian,young,none,low,yawn
125,M,Asian,young,none,middle,yawn
126,M,Asian,young,none,strong,yawn
127,M,Asian,young,none,low,fatigue
128,M,Asian,young,none,low,fatigue
129,M,Asian,young,none,middle,fatigue
130,M,Asian,young,none,middle,fatigue
131,M,Asian,young,none,strong,fatigue
132,M,Asian,young,none,strong,fatigue
133,M,Asian,young,sunglasses,low,normal
134,M,Asian,young,none,middle,normal
135,M,Asian,young,none,strong,normal
136,M,Asian,young,none,low,yawn
137,M,Asian,young,none,middle,yawn
138,M,Asian,young,none,strong,yawn
139,M,Asian,young,sunglasses,low,fatigue
140,M,Asian,young,none,low,fatigue
141,M,Asian,young,none,middle,fatigue
142,M,Asian,young,none,middle,fatigue
143,M,Asian,young,none,strong,fatigue
144,M,Asian,young,none,strong,fatigue
145,F,Asian,young,none,low,normal
146,F,Asian,young,none,middle,normal
147,F,Asian,young,none,strong,normal
148,F,Asian,young,none,low,yawn
149,F,Asian,young,none,middle,yawn
150,F,Asian,young,none,strong,yawn
151,F,Asian,young,none,low,fatigue
152,F,Asian,young,none,low,fatigue
153,F,Asian,young,none,middle,fatigue
154,F,Asian,young,none,middle,fatigue
155,F,Asian,young,none,strong,fatigue
156,F,Asian,young,none,strong,fatigue
157,F,Asian,young,none,low,normal
158,F,Asian,young,none,middle,normal
159,F,Asian,young,none,strong,normal
160,F,Asian,young,none,low,yawn
161,F,Asian,young,none,middle,yawn
162,F,Asian,young,none,strong,yawn
163,F,Asian,young,none,low,fatigue
164,F,Asian,young,none,low,fatigue
165,F,Asian,young,none,middle,fatigue
166,F,Asian,young,none,middle,fatigue
167,F,Asian,young,none,strong,fatigue
168,F,Asian,young,none,strong,fatigue
169,M,Asian,young,glasses,low,normal
170,M,Asian,young,glasses,middle,normal
171,M,Asian,young,glasses,strong,normal
172,M,Asian,young,glasses,low,yawn
173,M,Asian,young,glasses,middle,yawn
174,M,Asian,young,glasses,strong,yawn
175,M,Asian,young,glasses,low,fatigue
176,M,Asian,young,none,low,fatigue
177,M,Asian,young,none,middle,fatigue
178,M,Asian,young,none,middle,fatigue
179,M,Asian,young,none,strong,fatigue
180,M,Asian,young,glasses,strong,fatigue
181,F,Asian,young,glasses,low,normal
182,F,Asian,young,glasses,middle,normal
183,F,Asian,young,glasses,strong,normal
184,F,Asian,young,glasses,low,yawn
185,F,Asian,young,glasses,middle,yawn
186,F,Asian,young,glasses,strong,yawn
187,F,Asian,young,glasses,low,fatigue
188,F,Asian,young,glasses,low,fatigue
189,F,Asian,young,glasses,middle,fatigue
190,F,Asian,young,none,middle,fatigue
191,F,Asian,young,none,strong,fatigue
192,F,Asian,young,none,strong,fatigue
193,M,Asian,young,glasses,low,normal
194,M,Asian,young,glasses,middle,normal
195,M,Asian,young,glasses,strong,normal
196,M,Asian,young,glasses,low,yawn
197,M,Asian,young,none,middle,yawn
198,M,Asian,young,none,strong,yawn
199,M,Asian,young,none,low,fatigue
200,M,Asian,young,none,low,fatigue
201,M,Asian,young,none,middle,fatigue
202,M,Asian,young,none,middle,fatigue
203,M,Asian,young,none,strong,fatigue
204,M,Asian,young,none,strong,fatigue
205,F,Asian,young,none,low,normal
206,F,Asian,young,none,middle,normal
207,F,Asian,young,none,strong,normal
208,F,Asian,young,none,low,yawn
209,F,Asian,young,none,middle,yawn
210,F,Asian,young,none,strong,yawn
211,F,Asian,young,sunglasses,low,fatigue
212,F,Asian,young,none,low,fatigue
213,F,Asian,young,none,middle,fatigue
214,F,Asian,young,none,middle,fatigue
215,F,Asian,young,none,strong,fatigue
216,F,Asian,young,none,strong,fatigue
217,M,Asian,young,glasses,low,normal
218,M,Asian,young,glasses,middle,normal
219,M,Asian,young,glasses,strong,normal
220,M,Asian,young,glasses,low,yawn
221,M,Asian,young,glasses,middle,yawn
222,M,Asian,young,glasses,strong,yawn
223,M,Asian,young,none,low,fatigue
224,M,Asian,young,none,low,fatigue
225,M,Asian,young,none,middle,fatigue
226,M,Asian,young,none,middle,fatigue
227,M,Asian,young,none,strong,fatigue
228,M,Asian,young,none,strong,fatigue
229,M,Asian,young,glasses,low,normal
230,M,Asian,young,glasses,middle,normal
231,M,Asian,young,glasses,strong,normal
232,M,Asian,young,none,low,yawn
233,M,Asian,young,none,middle,yawn
234,M,Asian,young,none,strong,yawn
235,M,Asian,young,none,low,fatigue
236,M,Asian,young,none,low,fatigue
237,M,Asian,young,none,middle,fatigue
238,M,Asian,young,none,middle,fatigue
239,M,Asian,young,none,strong,fatigue
240,M,Asian,young,sunglasses,strong,fatigue
241,M,Asian,young,glasses,low,normal
242,M,Asian,young,glasses,middle,normal
243,M,Asian,young,glasses,strong,normal
244,M,Asian,young,glasses,low,yawn
245,M,Asian,young,glasses,middle,yawn
246,M,Asian,young,glasses,strong,yawn
247,M,Asian,young,none,low,fatigue
248,M,Asian,young,none,low,fatigue
249,M,Asian,young,sunglasses,middle,fatigue
250,M,Asian,young,sunglasses,middle,fatigue
251,M,Asian,young,none,strong,fatigue
252,M,Asian,young,none,strong,fatigue
253,M,Asian,young,glasses,low,normal
254,M,Asian,young,glasses,middle,normal
255,M,Asian,young,glasses,strong,normal
256,M,Asian,young,glasses,low,yawn
257,M,Asian,young,none,middle,yawn
258,M,Asian,young,none,strong,yawn
259,M,Asian,young,none,low,fatigue
260,M,Asian,young,none,low,fatigue
261,M,Asian,young,none,middle,fatigue
262,M,Asian,young,none,middle,fatigue
263,M,Asian,young,none,strong,fatigue
264,M,Asian,young,none,strong,fatigue
265,M,Asian,young,glasses,low,normal
266,M,Asian,young,glasses,middle,normal
267,M,Asian,young,glasses,strong,normal
268,M,Asian,young,glasses,low,yawn
269,M,Asian,young,glasses,middle,yawn
270,M,Asian,young,glasses,strong,yawn
271,M,Asian,young,none,low,fatigue
272,M,Asian,young,none,low,fatigue
273,M,Asian,young,none,middle,fatigue
274,M,Asian,young,none,middle,fatigue
275,M,Asian,young,sunglasses,strong,fatigue
276,M,Asian,young,none,strong,fatigue
277,F,Asian,young,glasses,low,normal
278,F,Asian,young,glasses,middle,normal
279,F,Asian,young,glasses,strong,normal
280,F,Asian,young,glasses,low,yawn
281,F,Asian,young,glasses,middle,yawn
282,F,Asian,young,glasses,strong,yawn
283,F,Asian,young,none,low,fatigue
284,F,Asian,young,none,low,fatigue
285,F,Asian,young,none,middle,fatigue
286,F,Asian,young,none,middle,fatigue
287,F,Asian,young,none,strong,fatigue
288,F,Asian,young,none,strong,fatigue
289,M,Asian,young,glasses,low,normal
290,M,Asian,young,glasses,middle,normal
291,M,Asian,young,glasses,strong,normal
292,M,Asian,young,glasses,low,yawn
293,M,Asian,young,glasses,middle,yawn
294,M,Asian,young,none,strong,yawn
295,M,Asian,young,none,low,fatigue
296,M,Asian,young,none,low,fatigue
297,M,Asian,young,none,middle,fatigue
298,M,Asian,young,none,middle,fatigue
299,M,Asian,young,none,strong,fatigue
300,M,Asian,young,none,strong,fatigue
301,M,Asian,young,glasses,low,normal
302,M,Asian,young,glasses,middle,normal
303,M,Asian,young,glasses,strong,normal
304,M,Asian,young,none,low,yawn
305,M,Asian,young,none,middle,yawn
306,M,Asian,young,none,strong,yawn
307,M,Asian,young,none,low,fatigue
308,M,Asian,young,none,low,fatigue
309,M,Asian,young,none,middle,fatigue
310,M,Asian,young,none,middle,fatigue
311,M,Asian,young,none,strong,fatigue
312,M,Asian,young,none,strong,fatigue
313,M,Asian,young,none,low,normal
314,M,Asian,young,none,middle,normal
315,M,Asian,young,none,strong,normal
316,M,Asian,young,none,low,yawn
317,M,Asian,young,none,middle,yawn
318,M,Asian,young,none,strong,yawn
319,M,Asian,young,none,low,fatigue
320,M,Asian,young,none,low,fatigue
321,M,Asian,young,none,middle,fatigue
322,M,Asian,young,none,middle,fatigue
323,M,Asian,young,none,strong,fatigue
324,M,Asian,young,none,strong,fatigue
325,M,Asian,young,none,low,normal
326,M,Asian,young,none,middle,normal
327,M,Asian,young,none,strong,normal
328,M,Asian,young,none,low,yawn
329,M,Asian,young,none,middle,yawn
330,M,Asian,young,none,strong,yawn
331,M,Asian,young,none,low,fatigue
332,M,Asian,young,none,low,fatigue
333,M,Asian,young,none,middle,fatigue
334,M,Asian,young,none,middle,fatigue
335,M,Asian,young,none,strong,fatigue
336,M,Asian,young,none,strong,fatigue
337,M,Asian,young,none,low,normal
338,M,Asian,young,none,middle,normal
339,M,Asian,young,none,strong,normal
340,M,Asian,young,none,low,yawn
341,M,Asian,young,none,middle,yawn
342,M,Asian,young,none,strong,yawn
343,M,Asian,young,none,low,fatigue
344,M,Asian,young,none,low,fatigue
345,M,Asian,young,none,middle,fatigue
346,M,Asian,young,none,middle,fatigue
347,M,Asian,young,none,strong,fatigue
348,M,Asian,young,none,strong,fatigue
349,M,Asian,young,glasses,low,normal
350,M,Asian,young,glasses,middle,normal
351,M,Asian,young,glasses,strong,normal
352,M,Asian,young,none,low,yawn
353,M,Asian,young,none,middle,yawn
354,M,Asian,young,none,strong,yawn
355,M,Asian,young,none,low,fatigue
356,M,Asian,young,none,low,fatigue
357,M,Asian,young,none,middle,fatigue
358,M,Asian,young,none,middle,fatigue
359,M,Asian,young,none,strong,fatigue
360,M,Asian,young,none,strong,fatigue
